AI3A,その他
BN1A,その他
BN2A,その他
BS1A,その他
BS2A,その他
CD3A,その他
CG1A,その他
CG2A,その他
CG3A,その他
GC1A,その他
GC2A,その他
GC3A,その他
GI1A,その他
GI1B,その他
GI2A,その他
GI2B,その他
GI3A,その他
GI4A,その他
GK2A,PG下級生用
GK3A,PG上級生用
GN1A,PG下級生用
GN2A,PG下級生用
GN3A,PG上級生用
GN4A,PG上級生用
GO1A,PG下級生用
GO2A,PG下級生用
GO3A,PG上級生用
GR1GA,PG下級生用
GR1GB,PG下級生用
GR1SA,PG下級生用
GR1SB,PG下級生用
GR2GA,PG下級生用
GR2GB,PG下級生用
GR2SA,PG下級生用
GR2SB,PG下級生用
GR3A,PG上級生用
GR3B,PG上級生用
GR3C,PG上級生用
GR4A,PG上級生用
GR4B,PG上級生用
IE1A,PG下級生用
IE1B,PG下級生用
IE2A,PG下級生用
IE2B,PG下級生用
IE3A,PG上級生用
IE4A,PG上級生用
IN3A,PG上級生用
IN4A,PG上級生用
KE1A,PG下級生用
NK3A,PG上級生用
SE1A,PG下級生用
SE2A,PG下級生用
SK1A,PG下級生用
SK1B,PG下級生用
SK2A,PG下級生用
SK3A,PG上級生用
WD1A,その他
WD2A,その他
WD3A,その他
WE3A,PG下級生用
