0,ÇPçÜäŸ<br />ãxåeé∫,C2YGKXGSX5
1,1302,8X4Z2BM1LC
2,1303,DSNOOEG8AB
3,1304,1CXM81J5V9
4,1305,UAK4BI2MVU
5,1306,DRAJJFK2L4
6,1307,B99ZNLOZ36
7,1308,2M5ZQVYLQX
8,1309,JRXTFWUBET
9,1401,BK47F1GKHB
10,2301,3B8UBJR10O
11,2302,AD0MPEJP5U
12,ÇPäK<br />åfé¶î¬,BYAEXL1JTY
13,2501,7YCSKMQ65R
14,2502,F1NGF0XMDW
15,2503,EOBYUB1LXW
16,2504,AN2DB2SPKF
17,2505,94IBRHBND9
18,3201,AEJXFPF4EB
19,3202,BO2X8LTVBR
20,3301,7PVVT3B2F1
21,3302,KZGN4MV2WR
22,3701,2YEMGERRDX
23,3702,X0Z1T292KT
24,ÇQçÜäŸ<br />ãxåeé∫,A64G388KGN
